FileName1,NumberOfNucleotides1,NumberOfWeakBonds1,TimeToGenerateStructuralTree1[ns],FileName2,NumberOfNucleotides2,NumberOfWeakBonds2,TimeToGenerateStructuralTree2[ns],MaxNumberOfNucleotides1-2,ASADistance,TimeToCalculateASADistance[ns]
"1o0b.pdb",604,534,35691875,"1o0c.pdb",604,532,14496834,604,56800.0,3490405833
"1o0b.pdb",604,534,35691875,"1zjw.pdb",604,531,9978208,604,65000.0,3564691916
"1o0b.pdb",604,534,35691875,"2re8.pdb",604,531,9346166,604,65000.0,3315228125
"1o0c.pdb",604,532,14496834,"1zjw.pdb",604,531,9978208,604,8200.0,3232930167
"1o0c.pdb",604,532,14496834,"2re8.pdb",604,531,9346166,604,8200.0,3246399417
"1zjw.pdb",604,531,9978208,"2re8.pdb",604,531,9346166,604,0.0,3831472458
