FileName1,NumberOfNucleotides1,NumberOfWeakBonds1,TimeToGenerateStructuralTree1[ns],FileName2,NumberOfNucleotides2,NumberOfWeakBonds2,TimeToGenerateStructuralTree2[ns],MaxNumberOfNucleotides1-2,ASADistance,TimeToCalculateASADistance[ns]
"1gtr.pdb",603,1431,51206083,"1gts.pdb",603,1438,13647667,603,45334.0,11269450958
"1gtr.pdb",603,1431,51206083,"1qrt.pdb",603,1457,75566500,603,64846.0,11825661666
"1gtr.pdb",603,1431,51206083,"1qru.pdb",603,1455,73230167,603,44592.0,12686718750
"1gtr.pdb",603,1431,51206083,"1qtq.pdb",603,1447,21790333,603,46352.0,11672886375
"1gtr.pdb",603,1431,51206083,"2rd2.pdb",603,1448,68292333,603,31108.0,11792960625
"1gts.pdb",603,1438,13647667,"1qrt.pdb",603,1457,75566500,603,49034.0,12191083458
"1gts.pdb",603,1438,13647667,"1qru.pdb",603,1455,73230167,603,23586.0,12013020834
"1gts.pdb",603,1438,13647667,"1qtq.pdb",603,1447,21790333,603,32118.0,12347887041
"1gts.pdb",603,1438,13647667,"2rd2.pdb",603,1448,68292333,603,54716.0,11991763334
"1qrt.pdb",603,1457,75566500,"1qru.pdb",603,1455,73230167,603,41375.0,11465946458
"1qrt.pdb",603,1457,75566500,"1qtq.pdb",603,1447,21790333,603,50074.0,11356122709
"1qrt.pdb",603,1457,75566500,"2rd2.pdb",603,1448,68292333,603,70181.0,12453134959
"1qru.pdb",603,1455,73230167,"1qtq.pdb",603,1447,21790333,603,34282.0,13105314958
"1qru.pdb",603,1455,73230167,"2rd2.pdb",603,1448,68292333,603,53941.0,12290823250
"1qtq.pdb",603,1447,21790333,"2rd2.pdb",603,1448,68292333,603,46845.0,12345621208
